<?xml version="1.0" encoding="UTF-8" ?>
<!DOCTYPE mapper PUBLIC "-//mybatis.org//DTD Mapper 3.0//EN" "http://mybatis.org/dtd/mybatis-3-mapper.dtd" >
<mapper namespace="com.cestc.vspace.mapper.ClothesMapper" >

  <!--查询全网价格最高的商品-->
  <select id="findTop9" resultMap="BaseResultMap">
    select * from CLOTHES where CID in(
      select * from (
                      select g.CID from CLOTHES g
                      order by PRICE
                      desc limit 0,9
                    ) t
    ) order by CID

  </select>

  <resultMap id="BaseResultMap" type="com.cestc.vspace.pojo.Clothes" >
    <id column="CID" property="cid" jdbcType="INTEGER" />
    <result column="CNAME" property="cname" jdbcType="VARCHAR" />
    <result column="PRICE" property="price" jdbcType="INTEGER" />
    <result column="DISCRIPTION" property="discription" jdbcType="VARCHAR" />
    <result column="PIC_ADDR" property="picAddr" jdbcType="VARCHAR" />
    <result column="MERCHANT" property="merchant" jdbcType="VARCHAR" />
    <result column="SIZE" property="size" jdbcType="VARCHAR" />
  </resultMap>

  <sql id="Example_Where_Clause" >
    <where >
      <foreach collection="oredCriteria" item="criteria" separator="or" >
        <if test="criteria.valid" >
          <trim prefix="(" suffix=")" prefixOverrides="and" >
            <foreach collection="criteria.criteria" item="criterion" >
              <choose >
                <when test="criterion.noValue" >
                  and ${criterion.condition}
                </when>
                <when test="criterion.singleValue" >
                  and ${criterion.condition} #{criterion.value}
                </when>
                <when test="criterion.betweenValue" >
                  and ${criterion.condition} #{criterion.value} and #{criterion.secondValue}
                </when>
                <when test="criterion.listValue" >
                  and ${criterion.condition}
                  <foreach collection="criterion.value" item="listItem" open="(" close=")" separator="," >
                    #{listItem}
                  </foreach>
                </when>
              </choose>
            </foreach>
          </trim>
        </if>
      </foreach>
    </where>
  </sql>
  <sql id="Update_By_Example_Where_Clause" >
    <where >
      <foreach collection="example.oredCriteria" item="criteria" separator="or" >
        <if test="criteria.valid" >
          <trim prefix="(" suffix=")" prefixOverrides="and" >
            <foreach collection="criteria.criteria" item="criterion" >
              <choose >
                <when test="criterion.noValue" >
                  and ${criterion.condition}
                </when>
                <when test="criterion.singleValue" >
                  and ${criterion.condition} #{criterion.value}
                </when>
                <when test="criterion.betweenValue" >
                  and ${criterion.condition} #{criterion.value} and #{criterion.secondValue}
                </when>
                <when test="criterion.listValue" >
                  and ${criterion.condition}
                  <foreach collection="criterion.value" item="listItem" open="(" close=")" separator="," >
                    #{listItem}
                  </foreach>
                </when>
              </choose>
            </foreach>
          </trim>
        </if>
      </foreach>
    </where>
  </sql>
  <sql id="Base_Column_List" >
    CID, CNAME, PRICE, DISCRIPTION, PIC_ADDR, MERCHANT, SIZE
  </sql>
  <select id="selectByExample" resultMap="BaseResultMap" parameterType="com.cestc.vspace.pojo.ClothesExample" >
    select
    <if test="distinct" >
      distinct
    </if>
    <include refid="Base_Column_List" />
    from CLOTHES
    <if test="_parameter != null" >
      <include refid="Example_Where_Clause" />
    </if>
    <if test="orderByClause != null" >
      order by ${orderByClause}
    </if>
  </select>
  <select id="selectByPrimaryKey" resultMap="BaseResultMap" parameterType="java.lang.Integer" >
    select 
    <include refid="Base_Column_List" />
    from CLOTHES
    where CID = #{cid,jdbcType=INTEGER}
  </select>
  <delete id="deleteByPrimaryKey" parameterType="java.lang.Integer" >
    delete from CLOTHES
    where CID = #{cid,jdbcType=INTEGER}
  </delete>
  <delete id="deleteByExample" parameterType="com.cestc.vspace.pojo.ClothesExample" >
    delete from CLOTHES
    <if test="_parameter != null" >
      <include refid="Example_Where_Clause" />
    </if>
  </delete>
  <insert id="insert" parameterType="com.cestc.vspace.pojo.Clothes" >
    insert into CLOTHES (CID, CNAME, PRICE, 
      DISCRIPTION, PIC_ADDR, MERCHANT, 
      SIZE)
    values (#{cid,jdbcType=INTEGER}, #{cname,jdbcType=VARCHAR}, #{price,jdbcType=INTEGER}, 
      #{discription,jdbcType=VARCHAR}, #{picAddr,jdbcType=VARCHAR}, #{merchant,jdbcType=VARCHAR}, 
      #{size,jdbcType=VARCHAR})
  </insert>
  <insert id="insertSelective" parameterType="com.cestc.vspace.pojo.Clothes" >
    insert into CLOTHES
    <trim prefix="(" suffix=")" suffixOverrides="," >
      <if test="cid != null" >
        CID,
      </if>
      <if test="cname != null" >
        CNAME,
      </if>
      <if test="price != null" >
        PRICE,
      </if>
      <if test="discription != null" >
        DISCRIPTION,
      </if>
      <if test="picAddr != null" >
        PIC_ADDR,
      </if>
      <if test="merchant != null" >
        MERCHANT,
      </if>
      <if test="size != null" >
        SIZE,
      </if>
    </trim>
    <trim prefix="values (" suffix=")" suffixOverrides="," >
      <if test="cid != null" >
        #{cid,jdbcType=INTEGER},
      </if>
      <if test="cname != null" >
        #{cname,jdbcType=VARCHAR},
      </if>
      <if test="price != null" >
        #{price,jdbcType=INTEGER},
      </if>
      <if test="discription != null" >
        #{discription,jdbcType=VARCHAR},
      </if>
      <if test="picAddr != null" >
        #{picAddr,jdbcType=VARCHAR},
      </if>
      <if test="merchant != null" >
        #{merchant,jdbcType=VARCHAR},
      </if>
      <if test="size != null" >
        #{size,jdbcType=VARCHAR},
      </if>
    </trim>
  </insert>
  <select id="countByExample" parameterType="com.cestc.vspace.pojo.ClothesExample" resultType="java.lang.Integer" >
    select count(*) from CLOTHES
    <if test="_parameter != null" >
      <include refid="Example_Where_Clause" />
    </if>
  </select>
  <update id="updateByExampleSelective" parameterType="map" >
    update CLOTHES
    <set >
      <if test="record.cid != null" >
        CID = #{record.cid,jdbcType=INTEGER},
      </if>
      <if test="record.cname != null" >
        CNAME = #{record.cname,jdbcType=VARCHAR},
      </if>
      <if test="record.price != null" >
        PRICE = #{record.price,jdbcType=INTEGER},
      </if>
      <if test="record.discription != null" >
        DISCRIPTION = #{record.discription,jdbcType=VARCHAR},
      </if>
      <if test="record.picAddr != null" >
        PIC_ADDR = #{record.picAddr,jdbcType=VARCHAR},
      </if>
      <if test="record.merchant != null" >
        MERCHANT = #{record.merchant,jdbcType=VARCHAR},
      </if>
      <if test="record.size != null" >
        SIZE = #{record.size,jdbcType=VARCHAR},
      </if>
    </set>
    <if test="_parameter != null" >
      <include refid="Update_By_Example_Where_Clause" />
    </if>
  </update>
  <update id="updateByExample" parameterType="map" >
    update CLOTHES
    set CID = #{record.cid,jdbcType=INTEGER},
      CNAME = #{record.cname,jdbcType=VARCHAR},
      PRICE = #{record.price,jdbcType=INTEGER},
      DISCRIPTION = #{record.discription,jdbcType=VARCHAR},
      PIC_ADDR = #{record.picAddr,jdbcType=VARCHAR},
      MERCHANT = #{record.merchant,jdbcType=VARCHAR},
      SIZE = #{record.size,jdbcType=VARCHAR}
    <if test="_parameter != null" >
      <include refid="Update_By_Example_Where_Clause" />
    </if>
  </update>
  <update id="updateByPrimaryKeySelective" parameterType="com.cestc.vspace.pojo.Clothes" >
    update CLOTHES
    <set >
      <if test="cname != null" >
        CNAME = #{cname,jdbcType=VARCHAR},
      </if>
      <if test="price != null" >
        PRICE = #{price,jdbcType=INTEGER},
      </if>
      <if test="discription != null" >
        DISCRIPTION = #{discription,jdbcType=VARCHAR},
      </if>
      <if test="picAddr != null" >
        PIC_ADDR = #{picAddr,jdbcType=VARCHAR},
      </if>
      <if test="merchant != null" >
        MERCHANT = #{merchant,jdbcType=VARCHAR},
      </if>
      <if test="size != null" >
        SIZE = #{size,jdbcType=VARCHAR},
      </if>
    </set>
    where CID = #{cid,jdbcType=INTEGER}
  </update>
  <update id="updateByPrimaryKey" parameterType="com.cestc.vspace.pojo.Clothes" >
    update CLOTHES
    set CNAME = #{cname,jdbcType=VARCHAR},
      PRICE = #{price,jdbcType=INTEGER},
      DISCRIPTION = #{discription,jdbcType=VARCHAR},
      PIC_ADDR = #{picAddr,jdbcType=VARCHAR},
      MERCHANT = #{merchant,jdbcType=VARCHAR},
      SIZE = #{size,jdbcType=VARCHAR}
    where CID = #{cid,jdbcType=INTEGER}
  </update>
</mapper>