<?xml version="1.0" encoding="UTF-8" ?>
<!DOCTYPE mapper PUBLIC "-//mybatis.org//DTD Mapper 3.0//EN" "http://mybatis.org/dtd/mybatis-3-mapper.dtd" >
<mapper namespace="com.cestc.vspace.mapper.UserListMapper" >
  <resultMap id="BaseResultMap" type="com.cestc.vspace.pojo.UserList" >
    <id column="UID" property="uid" jdbcType="INTEGER" />
    <result column="UNAME" property="uname" jdbcType="VARCHAR" />
    <result column="PASSWORD" property="password" jdbcType="VARCHAR" />
    <result column="EMAIL" property="email" jdbcType="VARCHAR" />
    <result column="PHONE" property="phone" jdbcType="VARCHAR" />
  </resultMap>
  <resultMap id="ResultMapWithBLOBs" type="com.cestc.vspace.pojo.UserList" extends="BaseResultMap" >
    <result column="ROLE" property="role" jdbcType="BINARY" />
  </resultMap>
  <sql id="Example_Where_Clause" >
    <where >
      <foreach collection="oredCriteria" item="criteria" separator="or" >
        <if test="criteria.valid" >
          <trim prefix="(" suffix=")" prefixOverrides="and" >
            <foreach collection="criteria.criteria" item="criterion" >
              <choose >
                <when test="criterion.noValue" >
                  and ${criterion.condition}
                </when>
                <when test="criterion.singleValue" >
                  and ${criterion.condition} #{criterion.value}
                </when>
                <when test="criterion.betweenValue" >
                  and ${criterion.condition} #{criterion.value} and #{criterion.secondValue}
                </when>
                <when test="criterion.listValue" >
                  and ${criterion.condition}
                  <foreach collection="criterion.value" item="listItem" open="(" close=")" separator="," >
                    #{listItem}
                  </foreach>
                </when>
              </choose>
            </foreach>
          </trim>
        </if>
      </foreach>
    </where>
  </sql>
  <sql id="Update_By_Example_Where_Clause" >
    <where >
      <foreach collection="example.oredCriteria" item="criteria" separator="or" >
        <if test="criteria.valid" >
          <trim prefix="(" suffix=")" prefixOverrides="and" >
            <foreach collection="criteria.criteria" item="criterion" >
              <choose >
                <when test="criterion.noValue" >
                  and ${criterion.condition}
                </when>
                <when test="criterion.singleValue" >
                  and ${criterion.condition} #{criterion.value}
                </when>
                <when test="criterion.betweenValue" >
                  and ${criterion.condition} #{criterion.value} and #{criterion.secondValue}
                </when>
                <when test="criterion.listValue" >
                  and ${criterion.condition}
                  <foreach collection="criterion.value" item="listItem" open="(" close=")" separator="," >
                    #{listItem}
                  </foreach>
                </when>
              </choose>
            </foreach>
          </trim>
        </if>
      </foreach>
    </where>
  </sql>
  <sql id="Base_Column_List" >
    UID, UNAME, PASSWORD, EMAIL, PHONE
  </sql>
  <sql id="Blob_Column_List" >
    ROLE
  </sql>
  <select id="selectByExampleWithBLOBs" resultMap="ResultMapWithBLOBs" parameterType="com.cestc.vspace.pojo.UserListExample" >
    select
    <if test="distinct" >
      distinct
    </if>
    <include refid="Base_Column_List" />
    ,
    <include refid="Blob_Column_List" />
    from USER_LIST
    <if test="_parameter != null" >
      <include refid="Example_Where_Clause" />
    </if>
    <if test="orderByClause != null" >
      order by ${orderByClause}
    </if>
  </select>
  <select id="selectByExample" resultMap="BaseResultMap" parameterType="com.cestc.vspace.pojo.UserListExample" >
    select
    <if test="distinct" >
      distinct
    </if>
    <include refid="Base_Column_List" />
    from USER_LIST
    <if test="_parameter != null" >
      <include refid="Example_Where_Clause" />
    </if>
    <if test="orderByClause != null" >
      order by ${orderByClause}
    </if>
  </select>
  <select id="selectByPrimaryKey" resultMap="ResultMapWithBLOBs" parameterType="java.lang.Integer" >
    select 
    <include refid="Base_Column_List" />
    ,
    <include refid="Blob_Column_List" />
    from USER_LIST
    where UID = #{uid,jdbcType=INTEGER}
  </select>
  <delete id="deleteByPrimaryKey" parameterType="java.lang.Integer" >
    delete from USER_LIST
    where UID = #{uid,jdbcType=INTEGER}
  </delete>
  <delete id="deleteByExample" parameterType="com.cestc.vspace.pojo.UserListExample" >
    delete from USER_LIST
    <if test="_parameter != null" >
      <include refid="Example_Where_Clause" />
    </if>
  </delete>
  <insert id="insert" parameterType="com.cestc.vspace.pojo.UserList" >
    insert into USER_LIST (UID, UNAME, PASSWORD, 
      EMAIL, PHONE, ROLE)
    values (#{uid,jdbcType=INTEGER}, #{uname,jdbcType=VARCHAR}, #{password,jdbcType=VARCHAR}, 
      #{email,jdbcType=VARCHAR}, #{phone,jdbcType=VARCHAR}, #{role,jdbcType=BINARY})
  </insert>
  <insert id="insertSelective" parameterType="com.cestc.vspace.pojo.UserList" >
    insert into USER_LIST
    <trim prefix="(" suffix=")" suffixOverrides="," >
      <if test="uid != null" >
        UID,
      </if>
      <if test="uname != null" >
        UNAME,
      </if>
      <if test="password != null" >
        PASSWORD,
      </if>
      <if test="email != null" >
        EMAIL,
      </if>
      <if test="phone != null" >
        PHONE,
      </if>
      <if test="role != null" >
        ROLE,
      </if>
    </trim>
    <trim prefix="values (" suffix=")" suffixOverrides="," >
      <if test="uid != null" >
        #{uid,jdbcType=INTEGER},
      </if>
      <if test="uname != null" >
        #{uname,jdbcType=VARCHAR},
      </if>
      <if test="password != null" >
        #{password,jdbcType=VARCHAR},
      </if>
      <if test="email != null" >
        #{email,jdbcType=VARCHAR},
      </if>
      <if test="phone != null" >
        #{phone,jdbcType=VARCHAR},
      </if>
      <if test="role != null" >
        #{role,jdbcType=BINARY},
      </if>
    </trim>
  </insert>
  <select id="countByExample" parameterType="com.cestc.vspace.pojo.UserListExample" resultType="java.lang.Integer" >
    select count(*) from USER_LIST
    <if test="_parameter != null" >
      <include refid="Example_Where_Clause" />
    </if>
  </select>
  <update id="updateByExampleSelective" parameterType="map" >
    update USER_LIST
    <set >
      <if test="record.uid != null" >
        UID = #{record.uid,jdbcType=INTEGER},
      </if>
      <if test="record.uname != null" >
        UNAME = #{record.uname,jdbcType=VARCHAR},
      </if>
      <if test="record.password != null" >
        PASSWORD = #{record.password,jdbcType=VARCHAR},
      </if>
      <if test="record.email != null" >
        EMAIL = #{record.email,jdbcType=VARCHAR},
      </if>
      <if test="record.phone != null" >
        PHONE = #{record.phone,jdbcType=VARCHAR},
      </if>
      <if test="record.role != null" >
        ROLE = #{record.role,jdbcType=BINARY},
      </if>
    </set>
    <if test="_parameter != null" >
      <include refid="Update_By_Example_Where_Clause" />
    </if>
  </update>
  <update id="updateByExampleWithBLOBs" parameterType="map" >
    update USER_LIST
    set UID = #{record.uid,jdbcType=INTEGER},
      UNAME = #{record.uname,jdbcType=VARCHAR},
      PASSWORD = #{record.password,jdbcType=VARCHAR},
      EMAIL = #{record.email,jdbcType=VARCHAR},
      PHONE = #{record.phone,jdbcType=VARCHAR},
      ROLE = #{record.role,jdbcType=BINARY}
    <if test="_parameter != null" >
      <include refid="Update_By_Example_Where_Clause" />
    </if>
  </update>
  <update id="updateByExample" parameterType="map" >
    update USER_LIST
    set UID = #{record.uid,jdbcType=INTEGER},
      UNAME = #{record.uname,jdbcType=VARCHAR},
      PASSWORD = #{record.password,jdbcType=VARCHAR},
      EMAIL = #{record.email,jdbcType=VARCHAR},
      PHONE = #{record.phone,jdbcType=VARCHAR}
    <if test="_parameter != null" >
      <include refid="Update_By_Example_Where_Clause" />
    </if>
  </update>
  <update id="updateByPrimaryKeySelective" parameterType="com.cestc.vspace.pojo.UserList" >
    update USER_LIST
    <set >
      <if test="uname != null" >
        UNAME = #{uname,jdbcType=VARCHAR},
      </if>
      <if test="password != null" >
        PASSWORD = #{password,jdbcType=VARCHAR},
      </if>
      <if test="email != null" >
        EMAIL = #{email,jdbcType=VARCHAR},
      </if>
      <if test="phone != null" >
        PHONE = #{phone,jdbcType=VARCHAR},
      </if>
      <if test="role != null" >
        ROLE = #{role,jdbcType=BINARY},
      </if>
    </set>
    where UID = #{uid,jdbcType=INTEGER}
  </update>
  <update id="updateByPrimaryKeyWithBLOBs" parameterType="com.cestc.vspace.pojo.UserList" >
    update USER_LIST
    set UNAME = #{uname,jdbcType=VARCHAR},
      PASSWORD = #{password,jdbcType=VARCHAR},
      EMAIL = #{email,jdbcType=VARCHAR},
      PHONE = #{phone,jdbcType=VARCHAR},
      ROLE = #{role,jdbcType=BINARY}
    where UID = #{uid,jdbcType=INTEGER}
  </update>
  <update id="updateByPrimaryKey" parameterType="com.cestc.vspace.pojo.UserList" >
    update USER_LIST
    set UNAME = #{uname,jdbcType=VARCHAR},
      PASSWORD = #{password,jdbcType=VARCHAR},
      EMAIL = #{email,jdbcType=VARCHAR},
      PHONE = #{phone,jdbcType=VARCHAR}
    where UID = #{uid,jdbcType=INTEGER}
  </update>
</mapper>