<?xml version="1.0" encoding="UTF-8" ?>
<!DOCTYPE mapper PUBLIC "-//mybatis.org//DTD Mapper 3.0//EN" "http://mybatis.org/dtd/mybatis-3-mapper.dtd" >
<mapper namespace="com.cestc.vspace.mapper.ShippingInfoMapper" >
  <resultMap id="BaseResultMap" type="com.cestc.vspace.pojo.ShippingInfo" >
    <id column="SID" property="sid" jdbcType="INTEGER" />
    <result column="RECEIVER_NAME" property="receiverName" jdbcType="VARCHAR" />
    <result column="RECEIVER_PHONE" property="receiverPhone" jdbcType="VARCHAR" />
    <result column="RECEIVER_PROVINCE" property="receiverProvince" jdbcType="VARCHAR" />
    <result column="RECEIVER_CITY" property="receiverCity" jdbcType="VARCHAR" />
    <result column="RECEIVER_STREET" property="receiverStreet" jdbcType="VARCHAR" />
    <result column="RECEIVER_ADDRESS" property="receiverAddress" jdbcType="VARCHAR" />
    <result column="RECEIVER_ZIP" property="receiverZip" jdbcType="VARCHAR" />
  </resultMap>
  <sql id="Example_Where_Clause" >
    <where >
      <foreach collection="oredCriteria" item="criteria" separator="or" >
        <if test="criteria.valid" >
          <trim prefix="(" suffix=")" prefixOverrides="and" >
            <foreach collection="criteria.criteria" item="criterion" >
              <choose >
                <when test="criterion.noValue" >
                  and ${criterion.condition}
                </when>
                <when test="criterion.singleValue" >
                  and ${criterion.condition} #{criterion.value}
                </when>
                <when test="criterion.betweenValue" >
                  and ${criterion.condition} #{criterion.value} and #{criterion.secondValue}
                </when>
                <when test="criterion.listValue" >
                  and ${criterion.condition}
                  <foreach collection="criterion.value" item="listItem" open="(" close=")" separator="," >
                    #{listItem}
                  </foreach>
                </when>
              </choose>
            </foreach>
          </trim>
        </if>
      </foreach>
    </where>
  </sql>
  <sql id="Update_By_Example_Where_Clause" >
    <where >
      <foreach collection="example.oredCriteria" item="criteria" separator="or" >
        <if test="criteria.valid" >
          <trim prefix="(" suffix=")" prefixOverrides="and" >
            <foreach collection="criteria.criteria" item="criterion" >
              <choose >
                <when test="criterion.noValue" >
                  and ${criterion.condition}
                </when>
                <when test="criterion.singleValue" >
                  and ${criterion.condition} #{criterion.value}
                </when>
                <when test="criterion.betweenValue" >
                  and ${criterion.condition} #{criterion.value} and #{criterion.secondValue}
                </when>
                <when test="criterion.listValue" >
                  and ${criterion.condition}
                  <foreach collection="criterion.value" item="listItem" open="(" close=")" separator="," >
                    #{listItem}
                  </foreach>
                </when>
              </choose>
            </foreach>
          </trim>
        </if>
      </foreach>
    </where>
  </sql>
  <sql id="Base_Column_List" >
    SID, RECEIVER_NAME, RECEIVER_PHONE, RECEIVER_PROVINCE, RECEIVER_CITY, RECEIVER_STREET, 
    RECEIVER_ADDRESS, RECEIVER_ZIP
  </sql>
  <select id="selectByExample" resultMap="BaseResultMap" parameterType="com.cestc.vspace.pojo.ShippingInfoExample" >
    select
    <if test="distinct" >
      distinct
    </if>
    <include refid="Base_Column_List" />
    from SHIPPING_INFO
    <if test="_parameter != null" >
      <include refid="Example_Where_Clause" />
    </if>
    <if test="orderByClause != null" >
      order by ${orderByClause}
    </if>
  </select>
  <select id="selectByPrimaryKey" resultMap="BaseResultMap" parameterType="java.lang.Integer" >
    select 
    <include refid="Base_Column_List" />
    from SHIPPING_INFO
    where SID = #{sid,jdbcType=INTEGER}
  </select>
  <delete id="deleteByPrimaryKey" parameterType="java.lang.Integer" >
    delete from SHIPPING_INFO
    where SID = #{sid,jdbcType=INTEGER}
  </delete>
  <delete id="deleteByExample" parameterType="com.cestc.vspace.pojo.ShippingInfoExample" >
    delete from SHIPPING_INFO
    <if test="_parameter != null" >
      <include refid="Example_Where_Clause" />
    </if>
  </delete>
  <insert id="insert" parameterType="com.cestc.vspace.pojo.ShippingInfo" >
    insert into SHIPPING_INFO (SID, RECEIVER_NAME, RECEIVER_PHONE, 
      RECEIVER_PROVINCE, RECEIVER_CITY, RECEIVER_STREET, 
      RECEIVER_ADDRESS, RECEIVER_ZIP)
    values (#{sid,jdbcType=INTEGER}, #{receiverName,jdbcType=VARCHAR}, #{receiverPhone,jdbcType=VARCHAR}, 
      #{receiverProvince,jdbcType=VARCHAR}, #{receiverCity,jdbcType=VARCHAR}, #{receiverStreet,jdbcType=VARCHAR}, 
      #{receiverAddress,jdbcType=VARCHAR}, #{receiverZip,jdbcType=VARCHAR})
  </insert>
  <insert id="insertSelective" parameterType="com.cestc.vspace.pojo.ShippingInfo" >
    insert into SHIPPING_INFO
    <trim prefix="(" suffix=")" suffixOverrides="," >
      <if test="sid != null" >
        SID,
      </if>
      <if test="receiverName != null" >
        RECEIVER_NAME,
      </if>
      <if test="receiverPhone != null" >
        RECEIVER_PHONE,
      </if>
      <if test="receiverProvince != null" >
        RECEIVER_PROVINCE,
      </if>
      <if test="receiverCity != null" >
        RECEIVER_CITY,
      </if>
      <if test="receiverStreet != null" >
        RECEIVER_STREET,
      </if>
      <if test="receiverAddress != null" >
        RECEIVER_ADDRESS,
      </if>
      <if test="receiverZip != null" >
        RECEIVER_ZIP,
      </if>
    </trim>
    <trim prefix="values (" suffix=")" suffixOverrides="," >
      <if test="sid != null" >
        #{sid,jdbcType=INTEGER},
      </if>
      <if test="receiverName != null" >
        #{receiverName,jdbcType=VARCHAR},
      </if>
      <if test="receiverPhone != null" >
        #{receiverPhone,jdbcType=VARCHAR},
      </if>
      <if test="receiverProvince != null" >
        #{receiverProvince,jdbcType=VARCHAR},
      </if>
      <if test="receiverCity != null" >
        #{receiverCity,jdbcType=VARCHAR},
      </if>
      <if test="receiverStreet != null" >
        #{receiverStreet,jdbcType=VARCHAR},
      </if>
      <if test="receiverAddress != null" >
        #{receiverAddress,jdbcType=VARCHAR},
      </if>
      <if test="receiverZip != null" >
        #{receiverZip,jdbcType=VARCHAR},
      </if>
    </trim>
  </insert>
  <select id="countByExample" parameterType="com.cestc.vspace.pojo.ShippingInfoExample" resultType="java.lang.Integer" >
    select count(*) from SHIPPING_INFO
    <if test="_parameter != null" >
      <include refid="Example_Where_Clause" />
    </if>
  </select>
  <update id="updateByExampleSelective" parameterType="map" >
    update SHIPPING_INFO
    <set >
      <if test="record.sid != null" >
        SID = #{record.sid,jdbcType=INTEGER},
      </if>
      <if test="record.receiverName != null" >
        RECEIVER_NAME = #{record.receiverName,jdbcType=VARCHAR},
      </if>
      <if test="record.receiverPhone != null" >
        RECEIVER_PHONE = #{record.receiverPhone,jdbcType=VARCHAR},
      </if>
      <if test="record.receiverProvince != null" >
        RECEIVER_PROVINCE = #{record.receiverProvince,jdbcType=VARCHAR},
      </if>
      <if test="record.receiverCity != null" >
        RECEIVER_CITY = #{record.receiverCity,jdbcType=VARCHAR},
      </if>
      <if test="record.receiverStreet != null" >
        RECEIVER_STREET = #{record.receiverStreet,jdbcType=VARCHAR},
      </if>
      <if test="record.receiverAddress != null" >
        RECEIVER_ADDRESS = #{record.receiverAddress,jdbcType=VARCHAR},
      </if>
      <if test="record.receiverZip != null" >
        RECEIVER_ZIP = #{record.receiverZip,jdbcType=VARCHAR},
      </if>
    </set>
    <if test="_parameter != null" >
      <include refid="Update_By_Example_Where_Clause" />
    </if>
  </update>
  <update id="updateByExample" parameterType="map" >
    update SHIPPING_INFO
    set SID = #{record.sid,jdbcType=INTEGER},
      RECEIVER_NAME = #{record.receiverName,jdbcType=VARCHAR},
      RECEIVER_PHONE = #{record.receiverPhone,jdbcType=VARCHAR},
      RECEIVER_PROVINCE = #{record.receiverProvince,jdbcType=VARCHAR},
      RECEIVER_CITY = #{record.receiverCity,jdbcType=VARCHAR},
      RECEIVER_STREET = #{record.receiverStreet,jdbcType=VARCHAR},
      RECEIVER_ADDRESS = #{record.receiverAddress,jdbcType=VARCHAR},
      RECEIVER_ZIP = #{record.receiverZip,jdbcType=VARCHAR}
    <if test="_parameter != null" >
      <include refid="Update_By_Example_Where_Clause" />
    </if>
  </update>
  <update id="updateByPrimaryKeySelective" parameterType="com.cestc.vspace.pojo.ShippingInfo" >
    update SHIPPING_INFO
    <set >
      <if test="receiverName != null" >
        RECEIVER_NAME = #{receiverName,jdbcType=VARCHAR},
      </if>
      <if test="receiverPhone != null" >
        RECEIVER_PHONE = #{receiverPhone,jdbcType=VARCHAR},
      </if>
      <if test="receiverProvince != null" >
        RECEIVER_PROVINCE = #{receiverProvince,jdbcType=VARCHAR},
      </if>
      <if test="receiverCity != null" >
        RECEIVER_CITY = #{receiverCity,jdbcType=VARCHAR},
      </if>
      <if test="receiverStreet != null" >
        RECEIVER_STREET = #{receiverStreet,jdbcType=VARCHAR},
      </if>
      <if test="receiverAddress != null" >
        RECEIVER_ADDRESS = #{receiverAddress,jdbcType=VARCHAR},
      </if>
      <if test="receiverZip != null" >
        RECEIVER_ZIP = #{receiverZip,jdbcType=VARCHAR},
      </if>
    </set>
    where SID = #{sid,jdbcType=INTEGER}
  </update>
  <update id="updateByPrimaryKey" parameterType="com.cestc.vspace.pojo.ShippingInfo" >
    update SHIPPING_INFO
    set RECEIVER_NAME = #{receiverName,jdbcType=VARCHAR},
      RECEIVER_PHONE = #{receiverPhone,jdbcType=VARCHAR},
      RECEIVER_PROVINCE = #{receiverProvince,jdbcType=VARCHAR},
      RECEIVER_CITY = #{receiverCity,jdbcType=VARCHAR},
      RECEIVER_STREET = #{receiverStreet,jdbcType=VARCHAR},
      RECEIVER_ADDRESS = #{receiverAddress,jdbcType=VARCHAR},
      RECEIVER_ZIP = #{receiverZip,jdbcType=VARCHAR}
    where SID = #{sid,jdbcType=INTEGER}
  </update>
</mapper>