<?xml version="1.0" encoding="UTF-8" ?>
<!DOCTYPE mapper PUBLIC "-//mybatis.org//DTD Mapper 3.0//EN" "http://mybatis.org/dtd/mybatis-3-mapper.dtd" >
<mapper namespace="com.cestc.vspace.mapper.PayInfoMapper" >
  <resultMap id="BaseResultMap" type="com.cestc.vspace.pojo.PayInfo" >
    <id column="PID" property="pid" jdbcType="INTEGER" />
    <result column="PAY_PLATFORM" property="payPlatform" jdbcType="INTEGER" />
    <result column="PLATFORM_NUMBER" property="platformNumber" jdbcType="VARCHAR" />
    <result column="PLATFORM_STATUS" property="platformStatus" jdbcType="VARCHAR" />
  </resultMap>
  <sql id="Example_Where_Clause" >
    <where >
      <foreach collection="oredCriteria" item="criteria" separator="or" >
        <if test="criteria.valid" >
          <trim prefix="(" suffix=")" prefixOverrides="and" >
            <foreach collection="criteria.criteria" item="criterion" >
              <choose >
                <when test="criterion.noValue" >
                  and ${criterion.condition}
                </when>
                <when test="criterion.singleValue" >
                  and ${criterion.condition} #{criterion.value}
                </when>
                <when test="criterion.betweenValue" >
                  and ${criterion.condition} #{criterion.value} and #{criterion.secondValue}
                </when>
                <when test="criterion.listValue" >
                  and ${criterion.condition}
                  <foreach collection="criterion.value" item="listItem" open="(" close=")" separator="," >
                    #{listItem}
                  </foreach>
                </when>
              </choose>
            </foreach>
          </trim>
        </if>
      </foreach>
    </where>
  </sql>
  <sql id="Update_By_Example_Where_Clause" >
    <where >
      <foreach collection="example.oredCriteria" item="criteria" separator="or" >
        <if test="criteria.valid" >
          <trim prefix="(" suffix=")" prefixOverrides="and" >
            <foreach collection="criteria.criteria" item="criterion" >
              <choose >
                <when test="criterion.noValue" >
                  and ${criterion.condition}
                </when>
                <when test="criterion.singleValue" >
                  and ${criterion.condition} #{criterion.value}
                </when>
                <when test="criterion.betweenValue" >
                  and ${criterion.condition} #{criterion.value} and #{criterion.secondValue}
                </when>
                <when test="criterion.listValue" >
                  and ${criterion.condition}
                  <foreach collection="criterion.value" item="listItem" open="(" close=")" separator="," >
                    #{listItem}
                  </foreach>
                </when>
              </choose>
            </foreach>
          </trim>
        </if>
      </foreach>
    </where>
  </sql>
  <sql id="Base_Column_List" >
    PID, PAY_PLATFORM, PLATFORM_NUMBER, PLATFORM_STATUS
  </sql>
  <select id="selectByExample" resultMap="BaseResultMap" parameterType="com.cestc.vspace.pojo.PayInfoExample" >
    select
    <if test="distinct" >
      distinct
    </if>
    <include refid="Base_Column_List" />
    from PAY_INFO
    <if test="_parameter != null" >
      <include refid="Example_Where_Clause" />
    </if>
    <if test="orderByClause != null" >
      order by ${orderByClause}
    </if>
  </select>
  <select id="selectByPrimaryKey" resultMap="BaseResultMap" parameterType="java.lang.Integer" >
    select 
    <include refid="Base_Column_List" />
    from PAY_INFO
    where PID = #{pid,jdbcType=INTEGER}
  </select>
  <delete id="deleteByPrimaryKey" parameterType="java.lang.Integer" >
    delete from PAY_INFO
    where PID = #{pid,jdbcType=INTEGER}
  </delete>
  <delete id="deleteByExample" parameterType="com.cestc.vspace.pojo.PayInfoExample" >
    delete from PAY_INFO
    <if test="_parameter != null" >
      <include refid="Example_Where_Clause" />
    </if>
  </delete>
  <insert id="insert" parameterType="com.cestc.vspace.pojo.PayInfo" >
    insert into PAY_INFO (PID, PAY_PLATFORM, PLATFORM_NUMBER, 
      PLATFORM_STATUS)
    values (#{pid,jdbcType=INTEGER}, #{payPlatform,jdbcType=INTEGER}, #{platformNumber,jdbcType=VARCHAR}, 
      #{platformStatus,jdbcType=VARCHAR})
  </insert>
  <insert id="insertSelective" parameterType="com.cestc.vspace.pojo.PayInfo" >
    insert into PAY_INFO
    <trim prefix="(" suffix=")" suffixOverrides="," >
      <if test="pid != null" >
        PID,
      </if>
      <if test="payPlatform != null" >
        PAY_PLATFORM,
      </if>
      <if test="platformNumber != null" >
        PLATFORM_NUMBER,
      </if>
      <if test="platformStatus != null" >
        PLATFORM_STATUS,
      </if>
    </trim>
    <trim prefix="values (" suffix=")" suffixOverrides="," >
      <if test="pid != null" >
        #{pid,jdbcType=INTEGER},
      </if>
      <if test="payPlatform != null" >
        #{payPlatform,jdbcType=INTEGER},
      </if>
      <if test="platformNumber != null" >
        #{platformNumber,jdbcType=VARCHAR},
      </if>
      <if test="platformStatus != null" >
        #{platformStatus,jdbcType=VARCHAR},
      </if>
    </trim>
  </insert>
  <select id="countByExample" parameterType="com.cestc.vspace.pojo.PayInfoExample" resultType="java.lang.Integer" >
    select count(*) from PAY_INFO
    <if test="_parameter != null" >
      <include refid="Example_Where_Clause" />
    </if>
  </select>
  <update id="updateByExampleSelective" parameterType="map" >
    update PAY_INFO
    <set >
      <if test="record.pid != null" >
        PID = #{record.pid,jdbcType=INTEGER},
      </if>
      <if test="record.payPlatform != null" >
        PAY_PLATFORM = #{record.payPlatform,jdbcType=INTEGER},
      </if>
      <if test="record.platformNumber != null" >
        PLATFORM_NUMBER = #{record.platformNumber,jdbcType=VARCHAR},
      </if>
      <if test="record.platformStatus != null" >
        PLATFORM_STATUS = #{record.platformStatus,jdbcType=VARCHAR},
      </if>
    </set>
    <if test="_parameter != null" >
      <include refid="Update_By_Example_Where_Clause" />
    </if>
  </update>
  <update id="updateByExample" parameterType="map" >
    update PAY_INFO
    set PID = #{record.pid,jdbcType=INTEGER},
      PAY_PLATFORM = #{record.payPlatform,jdbcType=INTEGER},
      PLATFORM_NUMBER = #{record.platformNumber,jdbcType=VARCHAR},
      PLATFORM_STATUS = #{record.platformStatus,jdbcType=VARCHAR}
    <if test="_parameter != null" >
      <include refid="Update_By_Example_Where_Clause" />
    </if>
  </update>
  <update id="updateByPrimaryKeySelective" parameterType="com.cestc.vspace.pojo.PayInfo" >
    update PAY_INFO
    <set >
      <if test="payPlatform != null" >
        PAY_PLATFORM = #{payPlatform,jdbcType=INTEGER},
      </if>
      <if test="platformNumber != null" >
        PLATFORM_NUMBER = #{platformNumber,jdbcType=VARCHAR},
      </if>
      <if test="platformStatus != null" >
        PLATFORM_STATUS = #{platformStatus,jdbcType=VARCHAR},
      </if>
    </set>
    where PID = #{pid,jdbcType=INTEGER}
  </update>
  <update id="updateByPrimaryKey" parameterType="com.cestc.vspace.pojo.PayInfo" >
    update PAY_INFO
    set PAY_PLATFORM = #{payPlatform,jdbcType=INTEGER},
      PLATFORM_NUMBER = #{platformNumber,jdbcType=VARCHAR},
      PLATFORM_STATUS = #{platformStatus,jdbcType=VARCHAR}
    where PID = #{pid,jdbcType=INTEGER}
  </update>
</mapper>