<?xml version="1.0" encoding="UTF-8" ?>
<!DOCTYPE mapper PUBLIC "-//mybatis.org//DTD Mapper 3.0//EN" "http://mybatis.org/dtd/mybatis-3-mapper.dtd" >
<mapper namespace="com.cestc.vspace.mapper.OrdersInfoMapper" >
  <resultMap id="BaseResultMap" type="com.cestc.vspace.pojo.OrdersInfo" >
    <id column="OID" property="oid" jdbcType="INTEGER" />
    <result column="ORDER_NO" property="orderNo" jdbcType="INTEGER" />
    <result column="PAYMENT" property="payment" jdbcType="INTEGER" />
    <result column="PAYMENT_TYPE" property="paymentType" jdbcType="INTEGER" />
    <result column="POSTAGE" property="postage" jdbcType="INTEGER" />
    <result column="STATUS" property="status" jdbcType="INTEGER" />
    <result column="SHIPPING_ID" property="shippingId" jdbcType="INTEGER" />
    <result column="PAYMENT_TIME" property="paymentTime" jdbcType="TIMESTAMP" />
    <result column="SEND_TIME" property="sendTime" jdbcType="TIMESTAMP" />
    <result column="END_TIME" property="endTime" jdbcType="TIMESTAMP" />
    <result column="CLOSE_TIME" property="closeTime" jdbcType="TIMESTAMP" />
    <result column="CREATE_TIME" property="createTime" jdbcType="TIMESTAMP" />
    <result column="UPDATE_TIME" property="updateTime" jdbcType="TIMESTAMP" />
    <result column="CAID" property="caid" jdbcType="INTEGER" />
  </resultMap>
  <sql id="Example_Where_Clause" >
    <where >
      <foreach collection="oredCriteria" item="criteria" separator="or" >
        <if test="criteria.valid" >
          <trim prefix="(" suffix=")" prefixOverrides="and" >
            <foreach collection="criteria.criteria" item="criterion" >
              <choose >
                <when test="criterion.noValue" >
                  and ${criterion.condition}
                </when>
                <when test="criterion.singleValue" >
                  and ${criterion.condition} #{criterion.value}
                </when>
                <when test="criterion.betweenValue" >
                  and ${criterion.condition} #{criterion.value} and #{criterion.secondValue}
                </when>
                <when test="criterion.listValue" >
                  and ${criterion.condition}
                  <foreach collection="criterion.value" item="listItem" open="(" close=")" separator="," >
                    #{listItem}
                  </foreach>
                </when>
              </choose>
            </foreach>
          </trim>
        </if>
      </foreach>
    </where>
  </sql>
  <sql id="Update_By_Example_Where_Clause" >
    <where >
      <foreach collection="example.oredCriteria" item="criteria" separator="or" >
        <if test="criteria.valid" >
          <trim prefix="(" suffix=")" prefixOverrides="and" >
            <foreach collection="criteria.criteria" item="criterion" >
              <choose >
                <when test="criterion.noValue" >
                  and ${criterion.condition}
                </when>
                <when test="criterion.singleValue" >
                  and ${criterion.condition} #{criterion.value}
                </when>
                <when test="criterion.betweenValue" >
                  and ${criterion.condition} #{criterion.value} and #{criterion.secondValue}
                </when>
                <when test="criterion.listValue" >
                  and ${criterion.condition}
                  <foreach collection="criterion.value" item="listItem" open="(" close=")" separator="," >
                    #{listItem}
                  </foreach>
                </when>
              </choose>
            </foreach>
          </trim>
        </if>
      </foreach>
    </where>
  </sql>
  <sql id="Base_Column_List" >
    OID, ORDER_NO, PAYMENT, PAYMENT_TYPE, POSTAGE, STATUS, SHIPPING_ID, PAYMENT_TIME, 
    SEND_TIME, END_TIME, CLOSE_TIME, CREATE_TIME, UPDATE_TIME, CAID
  </sql>
  <select id="selectByExample" resultMap="BaseResultMap" parameterType="com.cestc.vspace.pojo.OrdersInfoExample" >
    select
    <if test="distinct" >
      distinct
    </if>
    <include refid="Base_Column_List" />
    from ORDERS_INFO
    <if test="_parameter != null" >
      <include refid="Example_Where_Clause" />
    </if>
    <if test="orderByClause != null" >
      order by ${orderByClause}
    </if>
  </select>
  <select id="selectByPrimaryKey" resultMap="BaseResultMap" parameterType="java.lang.Integer" >
    select 
    <include refid="Base_Column_List" />
    from ORDERS_INFO
    where OID = #{oid,jdbcType=INTEGER}
  </select>
  <delete id="deleteByPrimaryKey" parameterType="java.lang.Integer" >
    delete from ORDERS_INFO
    where OID = #{oid,jdbcType=INTEGER}
  </delete>
  <delete id="deleteByExample" parameterType="com.cestc.vspace.pojo.OrdersInfoExample" >
    delete from ORDERS_INFO
    <if test="_parameter != null" >
      <include refid="Example_Where_Clause" />
    </if>
  </delete>
  <insert id="insert" parameterType="com.cestc.vspace.pojo.OrdersInfo" >
    insert into ORDERS_INFO (OID, ORDER_NO, PAYMENT, 
      PAYMENT_TYPE, POSTAGE, STATUS, 
      SHIPPING_ID, PAYMENT_TIME, SEND_TIME, 
      END_TIME, CLOSE_TIME, CREATE_TIME, 
      UPDATE_TIME, CAID)
    values (#{oid,jdbcType=INTEGER}, #{orderNo,jdbcType=INTEGER}, #{payment,jdbcType=INTEGER}, 
      #{paymentType,jdbcType=INTEGER}, #{postage,jdbcType=INTEGER}, #{status,jdbcType=INTEGER}, 
      #{shippingId,jdbcType=INTEGER}, #{paymentTime,jdbcType=TIMESTAMP}, #{sendTime,jdbcType=TIMESTAMP}, 
      #{endTime,jdbcType=TIMESTAMP}, #{closeTime,jdbcType=TIMESTAMP}, #{createTime,jdbcType=TIMESTAMP}, 
      #{updateTime,jdbcType=TIMESTAMP}, #{caid,jdbcType=INTEGER})
  </insert>
  <insert id="insertSelective" parameterType="com.cestc.vspace.pojo.OrdersInfo" >
    insert into ORDERS_INFO
    <trim prefix="(" suffix=")" suffixOverrides="," >
      <if test="oid != null" >
        OID,
      </if>
      <if test="orderNo != null" >
        ORDER_NO,
      </if>
      <if test="payment != null" >
        PAYMENT,
      </if>
      <if test="paymentType != null" >
        PAYMENT_TYPE,
      </if>
      <if test="postage != null" >
        POSTAGE,
      </if>
      <if test="status != null" >
        STATUS,
      </if>
      <if test="shippingId != null" >
        SHIPPING_ID,
      </if>
      <if test="paymentTime != null" >
        PAYMENT_TIME,
      </if>
      <if test="sendTime != null" >
        SEND_TIME,
      </if>
      <if test="endTime != null" >
        END_TIME,
      </if>
      <if test="closeTime != null" >
        CLOSE_TIME,
      </if>
      <if test="createTime != null" >
        CREATE_TIME,
      </if>
      <if test="updateTime != null" >
        UPDATE_TIME,
      </if>
      <if test="caid != null" >
        CAID,
      </if>
    </trim>
    <trim prefix="values (" suffix=")" suffixOverrides="," >
      <if test="oid != null" >
        #{oid,jdbcType=INTEGER},
      </if>
      <if test="orderNo != null" >
        #{orderNo,jdbcType=INTEGER},
      </if>
      <if test="payment != null" >
        #{payment,jdbcType=INTEGER},
      </if>
      <if test="paymentType != null" >
        #{paymentType,jdbcType=INTEGER},
      </if>
      <if test="postage != null" >
        #{postage,jdbcType=INTEGER},
      </if>
      <if test="status != null" >
        #{status,jdbcType=INTEGER},
      </if>
      <if test="shippingId != null" >
        #{shippingId,jdbcType=INTEGER},
      </if>
      <if test="paymentTime != null" >
        #{paymentTime,jdbcType=TIMESTAMP},
      </if>
      <if test="sendTime != null" >
        #{sendTime,jdbcType=TIMESTAMP},
      </if>
      <if test="endTime != null" >
        #{endTime,jdbcType=TIMESTAMP},
      </if>
      <if test="closeTime != null" >
        #{closeTime,jdbcType=TIMESTAMP},
      </if>
      <if test="createTime != null" >
        #{createTime,jdbcType=TIMESTAMP},
      </if>
      <if test="updateTime != null" >
        #{updateTime,jdbcType=TIMESTAMP},
      </if>
      <if test="caid != null" >
        #{caid,jdbcType=INTEGER},
      </if>
    </trim>
  </insert>
  <select id="countByExample" parameterType="com.cestc.vspace.pojo.OrdersInfoExample" resultType="java.lang.Integer" >
    select count(*) from ORDERS_INFO
    <if test="_parameter != null" >
      <include refid="Example_Where_Clause" />
    </if>
  </select>
  <update id="updateByExampleSelective" parameterType="map" >
    update ORDERS_INFO
    <set >
      <if test="record.oid != null" >
        OID = #{record.oid,jdbcType=INTEGER},
      </if>
      <if test="record.orderNo != null" >
        ORDER_NO = #{record.orderNo,jdbcType=INTEGER},
      </if>
      <if test="record.payment != null" >
        PAYMENT = #{record.payment,jdbcType=INTEGER},
      </if>
      <if test="record.paymentType != null" >
        PAYMENT_TYPE = #{record.paymentType,jdbcType=INTEGER},
      </if>
      <if test="record.postage != null" >
        POSTAGE = #{record.postage,jdbcType=INTEGER},
      </if>
      <if test="record.status != null" >
        STATUS = #{record.status,jdbcType=INTEGER},
      </if>
      <if test="record.shippingId != null" >
        SHIPPING_ID = #{record.shippingId,jdbcType=INTEGER},
      </if>
      <if test="record.paymentTime != null" >
        PAYMENT_TIME = #{record.paymentTime,jdbcType=TIMESTAMP},
      </if>
      <if test="record.sendTime != null" >
        SEND_TIME = #{record.sendTime,jdbcType=TIMESTAMP},
      </if>
      <if test="record.endTime != null" >
        END_TIME = #{record.endTime,jdbcType=TIMESTAMP},
      </if>
      <if test="record.closeTime != null" >
        CLOSE_TIME = #{record.closeTime,jdbcType=TIMESTAMP},
      </if>
      <if test="record.createTime != null" >
        CREATE_TIME = #{record.createTime,jdbcType=TIMESTAMP},
      </if>
      <if test="record.updateTime != null" >
        UPDATE_TIME = #{record.updateTime,jdbcType=TIMESTAMP},
      </if>
      <if test="record.caid != null" >
        CAID = #{record.caid,jdbcType=INTEGER},
      </if>
    </set>
    <if test="_parameter != null" >
      <include refid="Update_By_Example_Where_Clause" />
    </if>
  </update>
  <update id="updateByExample" parameterType="map" >
    update ORDERS_INFO
    set OID = #{record.oid,jdbcType=INTEGER},
      ORDER_NO = #{record.orderNo,jdbcType=INTEGER},
      PAYMENT = #{record.payment,jdbcType=INTEGER},
      PAYMENT_TYPE = #{record.paymentType,jdbcType=INTEGER},
      POSTAGE = #{record.postage,jdbcType=INTEGER},
      STATUS = #{record.status,jdbcType=INTEGER},
      SHIPPING_ID = #{record.shippingId,jdbcType=INTEGER},
      PAYMENT_TIME = #{record.paymentTime,jdbcType=TIMESTAMP},
      SEND_TIME = #{record.sendTime,jdbcType=TIMESTAMP},
      END_TIME = #{record.endTime,jdbcType=TIMESTAMP},
      CLOSE_TIME = #{record.closeTime,jdbcType=TIMESTAMP},
      CREATE_TIME = #{record.createTime,jdbcType=TIMESTAMP},
      UPDATE_TIME = #{record.updateTime,jdbcType=TIMESTAMP},
      CAID = #{record.caid,jdbcType=INTEGER}
    <if test="_parameter != null" >
      <include refid="Update_By_Example_Where_Clause" />
    </if>
  </update>
  <update id="updateByPrimaryKeySelective" parameterType="com.cestc.vspace.pojo.OrdersInfo" >
    update ORDERS_INFO
    <set >
      <if test="orderNo != null" >
        ORDER_NO = #{orderNo,jdbcType=INTEGER},
      </if>
      <if test="payment != null" >
        PAYMENT = #{payment,jdbcType=INTEGER},
      </if>
      <if test="paymentType != null" >
        PAYMENT_TYPE = #{paymentType,jdbcType=INTEGER},
      </if>
      <if test="postage != null" >
        POSTAGE = #{postage,jdbcType=INTEGER},
      </if>
      <if test="status != null" >
        STATUS = #{status,jdbcType=INTEGER},
      </if>
      <if test="shippingId != null" >
        SHIPPING_ID = #{shippingId,jdbcType=INTEGER},
      </if>
      <if test="paymentTime != null" >
        PAYMENT_TIME = #{paymentTime,jdbcType=TIMESTAMP},
      </if>
      <if test="sendTime != null" >
        SEND_TIME = #{sendTime,jdbcType=TIMESTAMP},
      </if>
      <if test="endTime != null" >
        END_TIME = #{endTime,jdbcType=TIMESTAMP},
      </if>
      <if test="closeTime != null" >
        CLOSE_TIME = #{closeTime,jdbcType=TIMESTAMP},
      </if>
      <if test="createTime != null" >
        CREATE_TIME = #{createTime,jdbcType=TIMESTAMP},
      </if>
      <if test="updateTime != null" >
        UPDATE_TIME = #{updateTime,jdbcType=TIMESTAMP},
      </if>
      <if test="caid != null" >
        CAID = #{caid,jdbcType=INTEGER},
      </if>
    </set>
    where OID = #{oid,jdbcType=INTEGER}
  </update>
  <update id="updateByPrimaryKey" parameterType="com.cestc.vspace.pojo.OrdersInfo" >
    update ORDERS_INFO
    set ORDER_NO = #{orderNo,jdbcType=INTEGER},
      PAYMENT = #{payment,jdbcType=INTEGER},
      PAYMENT_TYPE = #{paymentType,jdbcType=INTEGER},
      POSTAGE = #{postage,jdbcType=INTEGER},
      STATUS = #{status,jdbcType=INTEGER},
      SHIPPING_ID = #{shippingId,jdbcType=INTEGER},
      PAYMENT_TIME = #{paymentTime,jdbcType=TIMESTAMP},
      SEND_TIME = #{sendTime,jdbcType=TIMESTAMP},
      END_TIME = #{endTime,jdbcType=TIMESTAMP},
      CLOSE_TIME = #{closeTime,jdbcType=TIMESTAMP},
      CREATE_TIME = #{createTime,jdbcType=TIMESTAMP},
      UPDATE_TIME = #{updateTime,jdbcType=TIMESTAMP},
      CAID = #{caid,jdbcType=INTEGER}
    where OID = #{oid,jdbcType=INTEGER}
  </update>
</mapper>