<?xml version="1.0" encoding="UTF-8" ?>
<!DOCTYPE mapper PUBLIC "-//mybatis.org//DTD Mapper 3.0//EN" "http://mybatis.org/dtd/mybatis-3-mapper.dtd" >
<mapper namespace="com.cestc.vspace.mapper.CartMapper" >
  <resultMap id="BaseResultMap" type="com.cestc.vspace.pojo.Cart" >
    <id column="CAID" property="caid" jdbcType="INTEGER" />
    <result column="CID" property="cid" jdbcType="INTEGER" />
    <result column="UID" property="uid" jdbcType="INTEGER" />
    <result column="QUANTITY" property="quantity" jdbcType="INTEGER" />
  </resultMap>
  <sql id="Example_Where_Clause" >
    <where >
      <foreach collection="oredCriteria" item="criteria" separator="or" >
        <if test="criteria.valid" >
          <trim prefix="(" suffix=")" prefixOverrides="and" >
            <foreach collection="criteria.criteria" item="criterion" >
              <choose >
                <when test="criterion.noValue" >
                  and ${criterion.condition}
                </when>
                <when test="criterion.singleValue" >
                  and ${criterion.condition} #{criterion.value}
                </when>
                <when test="criterion.betweenValue" >
                  and ${criterion.condition} #{criterion.value} and #{criterion.secondValue}
                </when>
                <when test="criterion.listValue" >
                  and ${criterion.condition}
                  <foreach collection="criterion.value" item="listItem" open="(" close=")" separator="," >
                    #{listItem}
                  </foreach>
                </when>
              </choose>
            </foreach>
          </trim>
        </if>
      </foreach>
    </where>
  </sql>
  <sql id="Update_By_Example_Where_Clause" >
    <where >
      <foreach collection="example.oredCriteria" item="criteria" separator="or" >
        <if test="criteria.valid" >
          <trim prefix="(" suffix=")" prefixOverrides="and" >
            <foreach collection="criteria.criteria" item="criterion" >
              <choose >
                <when test="criterion.noValue" >
                  and ${criterion.condition}
                </when>
                <when test="criterion.singleValue" >
                  and ${criterion.condition} #{criterion.value}
                </when>
                <when test="criterion.betweenValue" >
                  and ${criterion.condition} #{criterion.value} and #{criterion.secondValue}
                </when>
                <when test="criterion.listValue" >
                  and ${criterion.condition}
                  <foreach collection="criterion.value" item="listItem" open="(" close=")" separator="," >
                    #{listItem}
                  </foreach>
                </when>
              </choose>
            </foreach>
          </trim>
        </if>
      </foreach>
    </where>
  </sql>
  <sql id="Base_Column_List" >
    CAID, CID, UID, QUANTITY
  </sql>
  <select id="selectByExample" resultMap="BaseResultMap" parameterType="com.cestc.vspace.pojo.CartExample" >
    select
    <if test="distinct" >
      distinct
    </if>
    <include refid="Base_Column_List" />
    from CART
    <if test="_parameter != null" >
      <include refid="Example_Where_Clause" />
    </if>
    <if test="orderByClause != null" >
      order by ${orderByClause}
    </if>
  </select>

  <!--根据uid和cid进行寻找-->
  <select id="selectByCD" resultMap="BaseResultMap" parameterType="java.lang.Integer" >
    select
    <include refid="Base_Column_List" />
    from CART
    where CID = #{cid,jdbcType=INTEGER}
    and UID = #{uid,jdbcType=INTEGER}
  </select>
  <!--根据uid和cid进行寻找-->
  <select id="selectByPrimaryKey" resultMap="BaseResultMap" parameterType="java.lang.Integer" >
    select 
    <include refid="Base_Column_List" />
    from CART
    where CAID = #{caid,jdbcType=INTEGER}
  </select>
  <delete id="deleteByPrimaryKey" parameterType="java.lang.Integer" >
    delete from CART
    where CAID = #{caid,jdbcType=INTEGER}
  </delete>
  <delete id="deleteByExample" parameterType="com.cestc.vspace.pojo.CartExample" >
    delete from CART
    <if test="_parameter != null" >
      <include refid="Example_Where_Clause" />
    </if>
  </delete>
  <insert id="insert" parameterType="com.cestc.vspace.pojo.Cart" >
    insert into CART (CAID, CID, UID, 
      QUANTITY)
    values (#{caid,jdbcType=INTEGER}, #{cid,jdbcType=INTEGER}, #{uid,jdbcType=INTEGER}, 
      #{quantity,jdbcType=INTEGER})
  </insert>
  <insert id="insertSelective" parameterType="com.cestc.vspace.pojo.Cart" >
    insert into CART
    <trim prefix="(" suffix=")" suffixOverrides="," >
      <if test="caid != null" >
        CAID,
      </if>
      <if test="cid != null" >
        CID,
      </if>
      <if test="uid != null" >
        UID,
      </if>
      <if test="quantity != null" >
        QUANTITY,
      </if>
    </trim>
    <trim prefix="values (" suffix=")" suffixOverrides="," >
      <if test="caid != null" >
        #{caid,jdbcType=INTEGER},
      </if>
      <if test="cid != null" >
        #{cid,jdbcType=INTEGER},
      </if>
      <if test="uid != null" >
        #{uid,jdbcType=INTEGER},
      </if>
      <if test="quantity != null" >
        #{quantity,jdbcType=INTEGER},
      </if>
    </trim>
  </insert>
  <select id="countByExample" parameterType="com.cestc.vspace.pojo.CartExample" resultType="java.lang.Integer" >
    select count(*) from CART
    <if test="_parameter != null" >
      <include refid="Example_Where_Clause" />
    </if>
  </select>
  <update id="updateByExampleSelective" parameterType="map" >
    update CART
    <set >
      <if test="record.caid != null" >
        CAID = #{record.caid,jdbcType=INTEGER},
      </if>
      <if test="record.cid != null" >
        CID = #{record.cid,jdbcType=INTEGER},
      </if>
      <if test="record.uid != null" >
        UID = #{record.uid,jdbcType=INTEGER},
      </if>
      <if test="record.quantity != null" >
        QUANTITY = #{record.quantity,jdbcType=INTEGER},
      </if>
    </set>
    <if test="_parameter != null" >
      <include refid="Update_By_Example_Where_Clause" />
    </if>
  </update>
  <update id="updateByExample" parameterType="map" >
    update CART
    set CAID = #{record.caid,jdbcType=INTEGER},
      CID = #{record.cid,jdbcType=INTEGER},
      UID = #{record.uid,jdbcType=INTEGER},
      QUANTITY = #{record.quantity,jdbcType=INTEGER}
    <if test="_parameter != null" >
      <include refid="Update_By_Example_Where_Clause" />
    </if>
  </update>
  <update id="updateByPrimaryKeySelective" parameterType="com.cestc.vspace.pojo.Cart" >
    update CART
    <set >
      <if test="cid != null" >
        CID = #{cid,jdbcType=INTEGER},
      </if>
      <if test="uid != null" >
        UID = #{uid,jdbcType=INTEGER},
      </if>
      <if test="quantity != null" >
        QUANTITY = #{quantity,jdbcType=INTEGER},
      </if>
    </set>
    where CAID = #{caid,jdbcType=INTEGER}
  </update>
  <update id="updateByPrimaryKey" parameterType="com.cestc.vspace.pojo.Cart" >
    update CART
    set CID = #{cid,jdbcType=INTEGER},
      UID = #{uid,jdbcType=INTEGER},
      QUANTITY = #{quantity,jdbcType=INTEGER}
    where CAID = #{caid,jdbcType=INTEGER}
  </update>
</mapper>